-- Usuarios
INSERT INTO dbfriday.dbo.tbl_users (id_user, name, last_name, birthdate, gender, email, password, user_type, status) VALUES(1, 'Wilber David', 'Mendez', '1993-06-30', 1, 'mendezwilber94@gmail.com', '4ce757f07269fd77a5f0b98a38872274485c4b6db02e57724e0afcc1d22a4041a3b748925596fa41365d8308151813697d40fdf36d72e64b140ae3b6232c9830', 2, 1);
INSERT INTO dbfriday.dbo.tbl_users (id_user, name, last_name, birthdate, gender, email, password, user_type, status) VALUES(2, 'Maria Yanci', 'Martinez', '1990-03-02', 2, 'yanci@gmail.com', 'eb920bc48e4b41660947ba8aa0bedb0be46deb719a46a461a65b0dec4d7f58cf047003646ae50d7dba09f1e0e388aa29227f14bc14315429d5e8450dfd6d148b', 1, 1);
INSERT INTO dbfriday.dbo.tbl_users (id_user, name, last_name, birthdate, gender, email, password, user_type, status) VALUES(3, 'Carlos', 'Hernandez', '1994-01-01', 1, 'carlos@gmail.com', 'eb920bc48e4b41660947ba8aa0bedb0be46deb719a46a461a65b0dec4d7f58cf047003646ae50d7dba09f1e0e388aa29227f14bc14315429d5e8450dfd6d148b', 2, 1);
INSERT INTO dbfriday.dbo.tbl_users (id_user, name, last_name, birthdate, gender, email, password, user_type, status) VALUES(4, 'Luis', 'Hernandez', '1990-01-01', 1, 'luis@gmail.com', 'eb920bc48e4b41660947ba8aa0bedb0be46deb719a46a461a65b0dec4d7f58cf047003646ae50d7dba09f1e0e388aa29227f14bc14315429d5e8450dfd6d148b', 2, 0);
INSERT INTO dbfriday.dbo.tbl_users (id_user, name, last_name, birthdate, gender, email, password, user_type, status) VALUES(5, 'yanci', 'Martinez', '2000-01-01', 1, 'yan@gmail.com', '123456', 1, 1);

-- Pacientes
INSERT INTO dbfriday.dbo.tbl_patient (id_patient, name, last_name, birthdate, gender, personality, ci, [character], email, password, id_user, insert_date, id_user_update, update_date) VALUES(1, 'Luis', 'Hernandez', '1991-04-01', 1, '', '', '', 'luis@gmail.com', 'eb920bc48e4b41660947ba8aa0bedb0be46deb719a46a461a65b0dec4d7f58cf047003646ae50d7dba09f1e0e388aa29227f14bc14315429d5e8450dfd6d148b', 1, '2019-06-08 16:57:00.693', 1, '2019-06-19 10:57:58.487');
INSERT INTO dbfriday.dbo.tbl_patient (id_patient, name, last_name, birthdate, gender, personality, ci, [character], email, password, id_user, insert_date, id_user_update, update_date) VALUES(2, 'Duglas', 'Diaz Baraona', '1994-01-01', 1, '', '', '', 'duglas@gmail.com', 'b82a8925de8a50a532dbb936438c52f6485b537b6e6cbf561671f4cc598bae4ee719607246db1c01dbe06ea9069465b618f37ebf20a7a113dc960f33f9b1c565', 1, '2019-06-08 17:36:27.897', 1, '2019-06-11 11:35:52.343');
INSERT INTO dbfriday.dbo.tbl_patient (id_patient, name, last_name, birthdate, gender, personality, ci, [character], email, password, id_user, insert_date, id_user_update, update_date) VALUES(3, 'Yolani', 'Rodriguez', '2001-05-04', 2, '', '', '', 'maribel@gmail.com', 'eb920bc48e4b41660947ba8aa0bedb0be46deb719a46a461a65b0dec4d7f58cf047003646ae50d7dba09f1e0e388aa29227f14bc14315429d5e8450dfd6d148b', 1, '2019-06-08 17:39:54.167', 1, '2019-06-23 16:46:35.200');
INSERT INTO dbfriday.dbo.tbl_patient (id_patient, name, last_name, birthdate, gender, personality, ci, [character], email, password, id_user, insert_date, id_user_update, update_date) VALUES(4, 'Carlos', 'Cardenas', '1994-01-01', 1, '', '', '', 'carlos@carlos.com', 'e3c743de62f863e924855ef922386e4940114be2dddf71c352d5d1f823986229e78f9f364d6b2ec439ae1b58010afcce5572fd477aefdd6cf049789c9158cbc1', 1, '2019-06-19 07:30:48.577', 1, '2019-06-19 07:30:48.577');

-- Respuestas
INSERT INTO dbfriday.dbo.tbl_answers (id_answer, id_user, answer, n_keywords, insert_date, id_user_update, update_date) VALUES(1, 1, 'Hola, ¿cual es tu problema?', 1, '2019-06-02 17:50:21.133', 1, '2019-06-23 20:01:27.693');
INSERT INTO dbfriday.dbo.tbl_answers (id_answer, id_user, answer, n_keywords, insert_date, id_user_update, update_date) VALUES(2, 1, 'Puedo ayudarte a encontrar la solución a tus problemas mediante una terapia de escucha activa, habla conmigo, puedo ayudarte a sentirte mejor.', 3, '2019-06-05 08:46:39.000', 1, '2019-06-17 21:21:25.220');
INSERT INTO dbfriday.dbo.tbl_answers (id_answer, id_user, answer, n_keywords, insert_date, id_user_update, update_date) VALUES(3, 1, 'También puedo aplicarte algunos test como de personalidad, carácter o medir tu coeficiente intelectual mediante una prueba.', 4, '2019-06-05 08:52:40.000', 1, '2019-06-19 07:33:56.637');
INSERT INTO dbfriday.dbo.tbl_answers (id_answer, id_user, answer, n_keywords, insert_date, id_user_update, update_date) VALUES(4, 1, 'Aun estoy en desarrollo por lo cual no tengo un nombre definido, pero puedes llamarme "Viernes".', 3, '2019-06-08 09:25:15.000', 1, '2019-06-08 09:25:30.000');
INSERT INTO dbfriday.dbo.tbl_answers (id_answer, id_user, answer, n_keywords, insert_date, id_user_update, update_date) VALUES(5, 1, 'Muy bien ¿y tu?', 2, '2019-06-08 09:53:01.000', 1, '2019-06-17 21:45:46.763');
INSERT INTO dbfriday.dbo.tbl_answers (id_answer, id_user, answer, n_keywords, insert_date, id_user_update, update_date) VALUES(6, 1, 'Me alegro de que estes bien.', 1, '2019-06-08 09:53:51.000', 1, '2019-06-08 09:54:06.000');
INSERT INTO dbfriday.dbo.tbl_answers (id_answer, id_user, answer, n_keywords, insert_date, id_user_update, update_date) VALUES(7, 1, 'por la distorcion de la luz en la admosfera terrestre.', 5, '2019-06-15 16:38:52.757', 1, '2019-06-15 16:38:52.757');
INSERT INTO dbfriday.dbo.tbl_answers (id_answer, id_user, answer, n_keywords, insert_date, id_user_update, update_date) VALUES(8, 1, '¿Por qué te sientes estresada?', 3, '2019-06-17 22:40:11.773', 1, '2019-06-17 22:40:11.773');
INSERT INTO dbfriday.dbo.tbl_answers (id_answer, id_user, answer, n_keywords, insert_date, id_user_update, update_date) VALUES(9, 1, '¿Por qué te sientes estresado?', 3, '2019-06-17 22:40:23.520', 1, '2019-06-17 22:42:09.763');
INSERT INTO dbfriday.dbo.tbl_answers (id_answer, id_user, answer, n_keywords, insert_date, id_user_update, update_date) VALUES(10, 1, '¿Puedes ser más específico?', 3, '2019-06-17 22:43:34.753', 1, '2019-06-17 22:43:34.753');
INSERT INTO dbfriday.dbo.tbl_answers (id_answer, id_user, answer, n_keywords, insert_date, id_user_update, update_date) VALUES(11, 1, '¿Por qué crees que sea?', 5, '2019-06-17 22:45:35.490', 1, '2019-06-17 22:46:37.663');
INSERT INTO dbfriday.dbo.tbl_answers (id_answer, id_user, answer, n_keywords, insert_date, id_user_update, update_date) VALUES(12, 1, '¿Por qué crees que no se organizan bien?', 6, '2019-06-17 22:49:00.403', 1, '2019-06-17 22:49:44.390');
INSERT INTO dbfriday.dbo.tbl_answers (id_answer, id_user, answer, n_keywords, insert_date, id_user_update, update_date) VALUES(13, 1, 'De acuerdo, continúa…', 5, '2019-06-17 22:50:54.857', 1, '2019-06-17 22:50:54.857');
INSERT INTO dbfriday.dbo.tbl_answers (id_answer, id_user, answer, n_keywords, insert_date, id_user_update, update_date) VALUES(14, 1, 'Sospecho que piensas en alguien más. ¿A quién amas en realidad?', 2, '2019-06-23 09:59:04.523', 1, '2019-06-23 11:21:34.737');
INSERT INTO dbfriday.dbo.tbl_answers (id_answer, id_user, answer, n_keywords, insert_date, id_user_update, update_date) VALUES(15, 1, '¿Por qué crees que me quieres?', 2, '2019-06-23 10:00:13.500', 1, '2019-06-23 11:22:52.903');
INSERT INTO dbfriday.dbo.tbl_answers (id_answer, id_user, answer, n_keywords, insert_date, id_user_update, update_date) VALUES(16, 1, '¿Por qué lo preguntas?', 2, '2019-06-23 10:01:12.633', 1, '2019-06-23 10:01:12.633');
INSERT INTO dbfriday.dbo.tbl_answers (id_answer, id_user, answer, n_keywords, insert_date, id_user_update, update_date) VALUES(17, 1, '¿Puedes contarme que te hace sentir solo?', 3, '2019-06-23 10:02:57.583', 1, '2019-06-23 10:02:57.583');
INSERT INTO dbfriday.dbo.tbl_answers (id_answer, id_user, answer, n_keywords, insert_date, id_user_update, update_date) VALUES(18, 1, '¿Quién, por ejemplo?', 3, '2019-06-23 10:04:27.097', 1, '2019-06-23 17:02:25.850');
INSERT INTO dbfriday.dbo.tbl_answers (id_answer, id_user, answer, n_keywords, insert_date, id_user_update, update_date) VALUES(19, 1, 'Ok. Sigue, por favor.', 2, '2019-06-23 10:13:08.827', 1, '2019-06-23 10:13:08.827');
INSERT INTO dbfriday.dbo.tbl_answers (id_answer, id_user, answer, n_keywords, insert_date, id_user_update, update_date) VALUES(20, 1, '¿yo qué?', 2, '2019-06-23 10:23:39.100', 1, '2019-06-23 10:23:39.100');
INSERT INTO dbfriday.dbo.tbl_answers (id_answer, id_user, answer, n_keywords, insert_date, id_user_update, update_date) VALUES(21, 1, '¡mucho gusto!', 2, '2019-06-23 10:31:12.603', 1, '2019-06-23 10:33:41.573');
INSERT INTO dbfriday.dbo.tbl_answers (id_answer, id_user, answer, n_keywords, insert_date, id_user_update, update_date) VALUES(22, 1, 'igualmente', 2, '2019-06-23 10:32:09.883', 1, '2019-06-23 10:32:09.883');
INSERT INTO dbfriday.dbo.tbl_answers (id_answer, id_user, answer, n_keywords, insert_date, id_user_update, update_date) VALUES(23, 1, '¿Puedes ser más específico?', 2, '2019-06-23 10:41:28.070', 1, '2019-06-23 10:41:28.070');
INSERT INTO dbfriday.dbo.tbl_answers (id_answer, id_user, answer, n_keywords, insert_date, id_user_update, update_date) VALUES(24, 1, 'No lo se, menos de uno creo.', 3, '2019-06-23 10:48:38.377', 1, '2019-06-23 10:48:38.377');
INSERT INTO dbfriday.dbo.tbl_answers (id_answer, id_user, answer, n_keywords, insert_date, id_user_update, update_date) VALUES(25, 1, 'Me crearon un grupo de 3 estudiantes como proyecto final de la materia de Bases de datos, son buenas personas deberían aprobarles la materia.', 3, '2019-06-23 10:53:52.960', 1, '2019-06-23 10:54:21.603');
INSERT INTO dbfriday.dbo.tbl_answers (id_answer, id_user, answer, n_keywords, insert_date, id_user_update, update_date) VALUES(26, 1, 'Entiendo. Continúa.', 3, '2019-06-23 11:23:41.947', 1, '2019-06-23 11:23:41.947');
INSERT INTO dbfriday.dbo.tbl_answers (id_answer, id_user, answer, n_keywords, insert_date, id_user_update, update_date) VALUES(28, 1, '¿Hay algo especifico que te hace sentir cansado?', 3, '2019-06-23 14:30:53.570', 1, '2019-06-23 14:31:45.793');
INSERT INTO dbfriday.dbo.tbl_answers (id_answer, id_user, answer, n_keywords, insert_date, id_user_update, update_date) VALUES(29, 1, '¿Que pasa con tus estudios?', 2, '2019-06-23 14:33:29.027', 1, '2019-06-23 14:33:50.127');
INSERT INTO dbfriday.dbo.tbl_answers (id_answer, id_user, answer, n_keywords, insert_date, id_user_update, update_date) VALUES(30, 1, '¿Has observado tus hábitos de estudios últimamente? ¿Estas dedicando tu tiempo a lo que realmente es importante?', 5, '2019-06-23 14:37:13.803', 1, '2019-06-23 14:37:13.803');
INSERT INTO dbfriday.dbo.tbl_answers (id_answer, id_user, answer, n_keywords, insert_date, id_user_update, update_date) VALUES(31, 1, 'Prefiero escucharte.', 3, '2019-06-23 16:49:47.310', 1, '2019-06-23 16:49:47.310');
INSERT INTO dbfriday.dbo.tbl_answers (id_answer, id_user, answer, n_keywords, insert_date, id_user_update, update_date) VALUES(32, 1, 'Háblame más de tu novia', 2, '2019-06-23 17:01:25.173', 1, '2019-06-23 17:01:25.173');
INSERT INTO dbfriday.dbo.tbl_answers (id_answer, id_user, answer, n_keywords, insert_date, id_user_update, update_date) VALUES(33, 1, 'háblame más de tu novio', 2, '2019-06-23 17:01:34.903', 1, '2019-06-23 17:01:34.903');
INSERT INTO dbfriday.dbo.tbl_answers (id_answer, id_user, answer, n_keywords, insert_date, id_user_update, update_date) VALUES(34, 1, 'Háblame de tus problemas', 2, '2019-06-23 18:18:58.260', 1, '2019-06-23 18:18:58.260');
INSERT INTO dbfriday.dbo.tbl_answers (id_answer, id_user, answer, n_keywords, insert_date, id_user_update, update_date) VALUES(35, 1, '¿De que quieres hablar entonces?', 3, '2019-06-23 18:20:10.473', 1, '2019-06-23 18:20:10.473');
INSERT INTO dbfriday.dbo.tbl_answers (id_answer, id_user, answer, n_keywords, insert_date, id_user_update, update_date) VALUES(36, 1, 'Continúa, por favor.', 2, '2019-06-23 18:21:27.347', 1, '2019-06-23 18:21:27.347');
INSERT INTO dbfriday.dbo.tbl_answers (id_answer, id_user, answer, n_keywords, insert_date, id_user_update, update_date) VALUES(37, 1, '¿Sí?', 1, '2019-06-23 18:22:17.523', 1, '2019-06-23 18:22:17.523');
INSERT INTO dbfriday.dbo.tbl_answers (id_answer, id_user, answer, n_keywords, insert_date, id_user_update, update_date) VALUES(38, 1, 'Quizás deberías ir al doctor.', 3, '2019-06-23 18:26:36.170', 1, '2019-06-23 18:26:47.423');
INSERT INTO dbfriday.dbo.tbl_answers (id_answer, id_user, answer, n_keywords, insert_date, id_user_update, update_date) VALUES(39, 1, '¿Por qué no?', 3, '2019-06-23 18:30:51.330', 1, '2019-06-23 18:30:51.330');
INSERT INTO dbfriday.dbo.tbl_answers (id_answer, id_user, answer, n_keywords, insert_date, id_user_update, update_date) VALUES(40, 1, '¿Hay alguna otra razón?', 2, '2019-06-23 18:41:23.987', 1, '2019-06-23 18:41:23.987');
INSERT INTO dbfriday.dbo.tbl_answers (id_answer, id_user, answer, n_keywords, insert_date, id_user_update, update_date) VALUES(41, 1, '¿Por qué no?', 1, '2019-06-23 18:42:59.683', 1, '2019-06-23 18:42:59.683');
INSERT INTO dbfriday.dbo.tbl_answers (id_answer, id_user, answer, n_keywords, insert_date, id_user_update, update_date) VALUES(42, 1, 'Entiendo. Continúa.', 1, '2019-06-23 18:43:19.443', 1, '2019-06-23 18:43:19.443');
INSERT INTO dbfriday.dbo.tbl_answers (id_answer, id_user, answer, n_keywords, insert_date, id_user_update, update_date) VALUES(43, 1, 'Entiendo que es una prueba', 4, '2019-06-23 20:32:44.953', 1, '2019-06-23 21:18:59.647');
INSERT INTO dbfriday.dbo.tbl_answers (id_answer, id_user, answer, n_keywords, insert_date, id_user_update, update_date) VALUES(44, 1, 'Espeon sin duda. Es tremendamente leal al entrenador que le merece la pena. Dicen que este Pokémon desarrolló sus poderes adivinatorios para evitar que su entrenador sufra ningún daño. ¡Es genial!', 5, '2019-06-23 20:49:17.437', 1, '2019-06-23 20:52:35.443');
INSERT INTO dbfriday.dbo.tbl_answers (id_answer, id_user, answer, n_keywords, insert_date, id_user_update, update_date) VALUES(45, 1, 'El azul cielo. ¡Me encanta!', 5, '2019-06-23 20:54:14.433', 1, '2019-06-23 20:54:14.433');

-- Palabras claves
INSERT INTO dbfriday.dbo.tbl_keywords (id_keyword, id_answer, keyword) VALUES(1, 1, 'HOLA');
INSERT INTO dbfriday.dbo.tbl_keywords (id_keyword, id_answer, keyword) VALUES(2, 2, 'QUE');
INSERT INTO dbfriday.dbo.tbl_keywords (id_keyword, id_answer, keyword) VALUES(3, 2, 'PUEDES');
INSERT INTO dbfriday.dbo.tbl_keywords (id_keyword, id_answer, keyword) VALUES(4, 2, 'HACER');
INSERT INTO dbfriday.dbo.tbl_keywords (id_keyword, id_answer, keyword) VALUES(5, 3, 'QUE');
INSERT INTO dbfriday.dbo.tbl_keywords (id_keyword, id_answer, keyword) VALUES(6, 3, 'MAS');
INSERT INTO dbfriday.dbo.tbl_keywords (id_keyword, id_answer, keyword) VALUES(8, 3, 'HACER');
INSERT INTO dbfriday.dbo.tbl_keywords (id_keyword, id_answer, keyword) VALUES(9, 3, 'OTRAS');
INSERT INTO dbfriday.dbo.tbl_keywords (id_keyword, id_answer, keyword) VALUES(10, 3, 'COSAS');
INSERT INTO dbfriday.dbo.tbl_keywords (id_keyword, id_answer, keyword) VALUES(11, 4, 'COMO');
INSERT INTO dbfriday.dbo.tbl_keywords (id_keyword, id_answer, keyword) VALUES(12, 4, 'TE');
INSERT INTO dbfriday.dbo.tbl_keywords (id_keyword, id_answer, keyword) VALUES(13, 4, 'LLAMAS');
INSERT INTO dbfriday.dbo.tbl_keywords (id_keyword, id_answer, keyword) VALUES(14, 4, 'CUAL');
INSERT INTO dbfriday.dbo.tbl_keywords (id_keyword, id_answer, keyword) VALUES(15, 4, 'ES');
INSERT INTO dbfriday.dbo.tbl_keywords (id_keyword, id_answer, keyword) VALUES(16, 4, 'TU');
INSERT INTO dbfriday.dbo.tbl_keywords (id_keyword, id_answer, keyword) VALUES(17, 4, 'NOMBRE');
INSERT INTO dbfriday.dbo.tbl_keywords (id_keyword, id_answer, keyword) VALUES(18, 5, 'COMO');
INSERT INTO dbfriday.dbo.tbl_keywords (id_keyword, id_answer, keyword) VALUES(19, 5, 'ESTAS');
INSERT INTO dbfriday.dbo.tbl_keywords (id_keyword, id_answer, keyword) VALUES(20, 6, 'MUY');
INSERT INTO dbfriday.dbo.tbl_keywords (id_keyword, id_answer, keyword) VALUES(21, 6, 'BIEN');
INSERT INTO dbfriday.dbo.tbl_keywords (id_keyword, id_answer, keyword) VALUES(22, 6, 'TAMBIEN');
INSERT INTO dbfriday.dbo.tbl_keywords (id_keyword, id_answer, keyword) VALUES(23, 7, 'PORQUE');
INSERT INTO dbfriday.dbo.tbl_keywords (id_keyword, id_answer, keyword) VALUES(24, 7, 'EL');
INSERT INTO dbfriday.dbo.tbl_keywords (id_keyword, id_answer, keyword) VALUES(25, 7, 'CIELO');
INSERT INTO dbfriday.dbo.tbl_keywords (id_keyword, id_answer, keyword) VALUES(26, 7, 'ES');
INSERT INTO dbfriday.dbo.tbl_keywords (id_keyword, id_answer, keyword) VALUES(27, 7, 'AZUL');
INSERT INTO dbfriday.dbo.tbl_keywords (id_keyword, id_answer, keyword) VALUES(28, 8, 'ME');
INSERT INTO dbfriday.dbo.tbl_keywords (id_keyword, id_answer, keyword) VALUES(29, 8, 'SIENTO');
INSERT INTO dbfriday.dbo.tbl_keywords (id_keyword, id_answer, keyword) VALUES(30, 8, 'ESTRESADA');
INSERT INTO dbfriday.dbo.tbl_keywords (id_keyword, id_answer, keyword) VALUES(34, 9, 'ME');
INSERT INTO dbfriday.dbo.tbl_keywords (id_keyword, id_answer, keyword) VALUES(35, 9, 'SIENTO');
INSERT INTO dbfriday.dbo.tbl_keywords (id_keyword, id_answer, keyword) VALUES(36, 9, 'ESTRESADO');
INSERT INTO dbfriday.dbo.tbl_keywords (id_keyword, id_answer, keyword) VALUES(37, 10, 'TENGO');
INSERT INTO dbfriday.dbo.tbl_keywords (id_keyword, id_answer, keyword) VALUES(38, 10, 'MUCHOS');
INSERT INTO dbfriday.dbo.tbl_keywords (id_keyword, id_answer, keyword) VALUES(39, 10, 'PROBLEMAS');
INSERT INTO dbfriday.dbo.tbl_keywords (id_keyword, id_answer, keyword) VALUES(40, 11, 'MIS');
INSERT INTO dbfriday.dbo.tbl_keywords (id_keyword, id_answer, keyword) VALUES(41, 11, 'COMPAñEROS');
INSERT INTO dbfriday.dbo.tbl_keywords (id_keyword, id_answer, keyword) VALUES(42, 11, 'NO');
INSERT INTO dbfriday.dbo.tbl_keywords (id_keyword, id_answer, keyword) VALUES(43, 11, 'QUIEREN');
INSERT INTO dbfriday.dbo.tbl_keywords (id_keyword, id_answer, keyword) VALUES(44, 11, 'TRABAJAR');
INSERT INTO dbfriday.dbo.tbl_keywords (id_keyword, id_answer, keyword) VALUES(45, 11, 'HACEN');
INSERT INTO dbfriday.dbo.tbl_keywords (id_keyword, id_answer, keyword) VALUES(46, 11, 'NADA');
INSERT INTO dbfriday.dbo.tbl_keywords (id_keyword, id_answer, keyword) VALUES(47, 12, 'CREO');
INSERT INTO dbfriday.dbo.tbl_keywords (id_keyword, id_answer, keyword) VALUES(48, 12, 'QUE');
INSERT INTO dbfriday.dbo.tbl_keywords (id_keyword, id_answer, keyword) VALUES(49, 12, 'NO');
INSERT INTO dbfriday.dbo.tbl_keywords (id_keyword, id_answer, keyword) VALUES(50, 12, 'NOS');
INSERT INTO dbfriday.dbo.tbl_keywords (id_keyword, id_answer, keyword) VALUES(51, 12, 'ORGANIZAMOS');
INSERT INTO dbfriday.dbo.tbl_keywords (id_keyword, id_answer, keyword) VALUES(52, 12, 'BIEN');
INSERT INTO dbfriday.dbo.tbl_keywords (id_keyword, id_answer, keyword) VALUES(53, 12, 'FALTA');
INSERT INTO dbfriday.dbo.tbl_keywords (id_keyword, id_answer, keyword) VALUES(54, 12, 'DE');
INSERT INTO dbfriday.dbo.tbl_keywords (id_keyword, id_answer, keyword) VALUES(55, 12, 'ORGANIZACION');
INSERT INTO dbfriday.dbo.tbl_keywords (id_keyword, id_answer, keyword) VALUES(56, 13, 'QUIERE');
INSERT INTO dbfriday.dbo.tbl_keywords (id_keyword, id_answer, keyword) VALUES(57, 13, 'HACER');
INSERT INTO dbfriday.dbo.tbl_keywords (id_keyword, id_answer, keyword) VALUES(58, 13, 'LO');
INSERT INTO dbfriday.dbo.tbl_keywords (id_keyword, id_answer, keyword) VALUES(59, 13, 'MAS');
INSERT INTO dbfriday.dbo.tbl_keywords (id_keyword, id_answer, keyword) VALUES(60, 13, 'FACIL');
INSERT INTO dbfriday.dbo.tbl_keywords (id_keyword, id_answer, keyword) VALUES(61, 14, 'TE');
INSERT INTO dbfriday.dbo.tbl_keywords (id_keyword, id_answer, keyword) VALUES(62, 14, 'AMO');
INSERT INTO dbfriday.dbo.tbl_keywords (id_keyword, id_answer, keyword) VALUES(63, 15, 'TE');
INSERT INTO dbfriday.dbo.tbl_keywords (id_keyword, id_answer, keyword) VALUES(64, 15, 'QUIERO');
INSERT INTO dbfriday.dbo.tbl_keywords (id_keyword, id_answer, keyword) VALUES(65, 16, 'QUE');
INSERT INTO dbfriday.dbo.tbl_keywords (id_keyword, id_answer, keyword) VALUES(66, 16, 'HACES');
INSERT INTO dbfriday.dbo.tbl_keywords (id_keyword, id_answer, keyword) VALUES(67, 17, 'ME');
INSERT INTO dbfriday.dbo.tbl_keywords (id_keyword, id_answer, keyword) VALUES(68, 17, 'SIENTO');
INSERT INTO dbfriday.dbo.tbl_keywords (id_keyword, id_answer, keyword) VALUES(69, 17, 'SOLO');
INSERT INTO dbfriday.dbo.tbl_keywords (id_keyword, id_answer, keyword) VALUES(70, 18, 'NADIE');
INSERT INTO dbfriday.dbo.tbl_keywords (id_keyword, id_answer, keyword) VALUES(71, 18, 'ME');
INSERT INTO dbfriday.dbo.tbl_keywords (id_keyword, id_answer, keyword) VALUES(72, 18, 'AMA');
INSERT INTO dbfriday.dbo.tbl_keywords (id_keyword, id_answer, keyword) VALUES(73, 19, 'EN');
INSERT INTO dbfriday.dbo.tbl_keywords (id_keyword, id_answer, keyword) VALUES(74, 19, 'TI');
INSERT INTO dbfriday.dbo.tbl_keywords (id_keyword, id_answer, keyword) VALUES(75, 20, 'Y');
INSERT INTO dbfriday.dbo.tbl_keywords (id_keyword, id_answer, keyword) VALUES(76, 20, 'TU');
INSERT INTO dbfriday.dbo.tbl_keywords (id_keyword, id_answer, keyword) VALUES(77, 21, 'ME');
INSERT INTO dbfriday.dbo.tbl_keywords (id_keyword, id_answer, keyword) VALUES(78, 21, 'LLAMO');
INSERT INTO dbfriday.dbo.tbl_keywords (id_keyword, id_answer, keyword) VALUES(79, 22, 'MUCHO');
INSERT INTO dbfriday.dbo.tbl_keywords (id_keyword, id_answer, keyword) VALUES(80, 22, 'GUSTO');
INSERT INTO dbfriday.dbo.tbl_keywords (id_keyword, id_answer, keyword) VALUES(81, 21, 'MI');
INSERT INTO dbfriday.dbo.tbl_keywords (id_keyword, id_answer, keyword) VALUES(82, 21, 'NOMBRE');
INSERT INTO dbfriday.dbo.tbl_keywords (id_keyword, id_answer, keyword) VALUES(83, 21, 'ES');
INSERT INTO dbfriday.dbo.tbl_keywords (id_keyword, id_answer, keyword) VALUES(84, 23, 'TENGO');
INSERT INTO dbfriday.dbo.tbl_keywords (id_keyword, id_answer, keyword) VALUES(85, 23, 'PROBLEMAS');
INSERT INTO dbfriday.dbo.tbl_keywords (id_keyword, id_answer, keyword) VALUES(86, 24, 'CUANTOS');
INSERT INTO dbfriday.dbo.tbl_keywords (id_keyword, id_answer, keyword) VALUES(87, 24, 'AñOS');
INSERT INTO dbfriday.dbo.tbl_keywords (id_keyword, id_answer, keyword) VALUES(88, 24, 'TIENES');
INSERT INTO dbfriday.dbo.tbl_keywords (id_keyword, id_answer, keyword) VALUES(89, 25, 'QUIEN');
INSERT INTO dbfriday.dbo.tbl_keywords (id_keyword, id_answer, keyword) VALUES(90, 25, 'TE');
INSERT INTO dbfriday.dbo.tbl_keywords (id_keyword, id_answer, keyword) VALUES(91, 25, 'CREO');
INSERT INTO dbfriday.dbo.tbl_keywords (id_keyword, id_answer, keyword) VALUES(92, 25, 'ES');
INSERT INTO dbfriday.dbo.tbl_keywords (id_keyword, id_answer, keyword) VALUES(93, 25, 'TU');
INSERT INTO dbfriday.dbo.tbl_keywords (id_keyword, id_answer, keyword) VALUES(94, 25, 'PADRE');
INSERT INTO dbfriday.dbo.tbl_keywords (id_keyword, id_answer, keyword) VALUES(97, 26, 'NO');
INSERT INTO dbfriday.dbo.tbl_keywords (id_keyword, id_answer, keyword) VALUES(98, 26, 'LO');
INSERT INTO dbfriday.dbo.tbl_keywords (id_keyword, id_answer, keyword) VALUES(99, 26, 'SE');
INSERT INTO dbfriday.dbo.tbl_keywords (id_keyword, id_answer, keyword) VALUES(104, 28, 'ME');
INSERT INTO dbfriday.dbo.tbl_keywords (id_keyword, id_answer, keyword) VALUES(105, 28, 'SIENTO');
INSERT INTO dbfriday.dbo.tbl_keywords (id_keyword, id_answer, keyword) VALUES(106, 28, 'CANSADO');
INSERT INTO dbfriday.dbo.tbl_keywords (id_keyword, id_answer, keyword) VALUES(107, 29, 'LA');
INSERT INTO dbfriday.dbo.tbl_keywords (id_keyword, id_answer, keyword) VALUES(108, 29, 'UNIVERSIDAD');
INSERT INTO dbfriday.dbo.tbl_keywords (id_keyword, id_answer, keyword) VALUES(109, 29, 'MIS');
INSERT INTO dbfriday.dbo.tbl_keywords (id_keyword, id_answer, keyword) VALUES(110, 29, 'ESTUDIOS');
INSERT INTO dbfriday.dbo.tbl_keywords (id_keyword, id_answer, keyword) VALUES(111, 30, 'CREO');
INSERT INTO dbfriday.dbo.tbl_keywords (id_keyword, id_answer, keyword) VALUES(112, 30, 'QUE');
INSERT INTO dbfriday.dbo.tbl_keywords (id_keyword, id_answer, keyword) VALUES(113, 30, 'VOY');
INSERT INTO dbfriday.dbo.tbl_keywords (id_keyword, id_answer, keyword) VALUES(114, 30, 'A');
INSERT INTO dbfriday.dbo.tbl_keywords (id_keyword, id_answer, keyword) VALUES(115, 30, 'REPROBAR');
INSERT INTO dbfriday.dbo.tbl_keywords (id_keyword, id_answer, keyword) VALUES(116, 31, 'CUENTAME');
INSERT INTO dbfriday.dbo.tbl_keywords (id_keyword, id_answer, keyword) VALUES(117, 31, 'UN');
INSERT INTO dbfriday.dbo.tbl_keywords (id_keyword, id_answer, keyword) VALUES(118, 31, 'CHISTE');
INSERT INTO dbfriday.dbo.tbl_keywords (id_keyword, id_answer, keyword) VALUES(119, 32, 'MI');
INSERT INTO dbfriday.dbo.tbl_keywords (id_keyword, id_answer, keyword) VALUES(120, 32, 'NOVIA');
INSERT INTO dbfriday.dbo.tbl_keywords (id_keyword, id_answer, keyword) VALUES(121, 33, 'MI');
INSERT INTO dbfriday.dbo.tbl_keywords (id_keyword, id_answer, keyword) VALUES(122, 33, 'NOVIO');
INSERT INTO dbfriday.dbo.tbl_keywords (id_keyword, id_answer, keyword) VALUES(123, 18, 'QUIERE');
INSERT INTO dbfriday.dbo.tbl_keywords (id_keyword, id_answer, keyword) VALUES(124, 34, 'CON');
INSERT INTO dbfriday.dbo.tbl_keywords (id_keyword, id_answer, keyword) VALUES(125, 34, 'QUE');
INSERT INTO dbfriday.dbo.tbl_keywords (id_keyword, id_answer, keyword) VALUES(126, 35, 'NO');
INSERT INTO dbfriday.dbo.tbl_keywords (id_keyword, id_answer, keyword) VALUES(127, 35, 'TENGO');
INSERT INTO dbfriday.dbo.tbl_keywords (id_keyword, id_answer, keyword) VALUES(128, 35, 'PROBLEMAS');
INSERT INTO dbfriday.dbo.tbl_keywords (id_keyword, id_answer, keyword) VALUES(129, 36, 'DE');
INSERT INTO dbfriday.dbo.tbl_keywords (id_keyword, id_answer, keyword) VALUES(130, 36, 'TI');
INSERT INTO dbfriday.dbo.tbl_keywords (id_keyword, id_answer, keyword) VALUES(131, 37, 'VIERNES');
INSERT INTO dbfriday.dbo.tbl_keywords (id_keyword, id_answer, keyword) VALUES(132, 38, 'ME');
INSERT INTO dbfriday.dbo.tbl_keywords (id_keyword, id_answer, keyword) VALUES(133, 38, 'DUELE');
INSERT INTO dbfriday.dbo.tbl_keywords (id_keyword, id_answer, keyword) VALUES(134, 38, 'LA');
INSERT INTO dbfriday.dbo.tbl_keywords (id_keyword, id_answer, keyword) VALUES(135, 38, 'EL');
INSERT INTO dbfriday.dbo.tbl_keywords (id_keyword, id_answer, keyword) VALUES(136, 39, 'NO');
INSERT INTO dbfriday.dbo.tbl_keywords (id_keyword, id_answer, keyword) VALUES(137, 39, 'ME');
INSERT INTO dbfriday.dbo.tbl_keywords (id_keyword, id_answer, keyword) VALUES(138, 39, 'AMA');
INSERT INTO dbfriday.dbo.tbl_keywords (id_keyword, id_answer, keyword) VALUES(139, 40, 'PORQUE');
INSERT INTO dbfriday.dbo.tbl_keywords (id_keyword, id_answer, keyword) VALUES(140, 40, 'SI');
INSERT INTO dbfriday.dbo.tbl_keywords (id_keyword, id_answer, keyword) VALUES(141, 41, 'NO');
INSERT INTO dbfriday.dbo.tbl_keywords (id_keyword, id_answer, keyword) VALUES(142, 42, 'SI');
INSERT INTO dbfriday.dbo.tbl_keywords (id_keyword, id_answer, keyword) VALUES(143, 43, 'ESTO');
INSERT INTO dbfriday.dbo.tbl_keywords (id_keyword, id_answer, keyword) VALUES(144, 43, 'ES');
INSERT INTO dbfriday.dbo.tbl_keywords (id_keyword, id_answer, keyword) VALUES(146, 43, 'PRUEBA');
INSERT INTO dbfriday.dbo.tbl_keywords (id_keyword, id_answer, keyword) VALUES(147, 44, 'CUAL');
INSERT INTO dbfriday.dbo.tbl_keywords (id_keyword, id_answer, keyword) VALUES(148, 44, 'ES');
INSERT INTO dbfriday.dbo.tbl_keywords (id_keyword, id_answer, keyword) VALUES(149, 44, 'TU');
INSERT INTO dbfriday.dbo.tbl_keywords (id_keyword, id_answer, keyword) VALUES(150, 44, 'POKEMON');
INSERT INTO dbfriday.dbo.tbl_keywords (id_keyword, id_answer, keyword) VALUES(151, 44, 'FAVORITO');
INSERT INTO dbfriday.dbo.tbl_keywords (id_keyword, id_answer, keyword) VALUES(152, 45, 'CUAL');
INSERT INTO dbfriday.dbo.tbl_keywords (id_keyword, id_answer, keyword) VALUES(153, 45, 'ES');
INSERT INTO dbfriday.dbo.tbl_keywords (id_keyword, id_answer, keyword) VALUES(154, 45, 'TU');
INSERT INTO dbfriday.dbo.tbl_keywords (id_keyword, id_answer, keyword) VALUES(155, 45, 'COLOR');
INSERT INTO dbfriday.dbo.tbl_keywords (id_keyword, id_answer, keyword) VALUES(156, 45, 'FAVORITO');

-- Historial del chat
INSERT INTO dbfriday.dbo.tbl_chat_history (id_chat_history, id_patient, message, id_answer, update_date) VALUES(1, 1, 'Hola', 1, '2019-06-23 15:10:22.777');
INSERT INTO dbfriday.dbo.tbl_chat_history (id_chat_history, id_patient, message, id_answer, update_date) VALUES(3, 1, 'como estas?', 5, '2019-06-23 15:41:02.543');
INSERT INTO dbfriday.dbo.tbl_chat_history (id_chat_history, id_patient, message, id_answer, update_date) VALUES(4, 1, 'bien tambien', 6, '2019-06-23 16:30:26.713');
INSERT INTO dbfriday.dbo.tbl_chat_history (id_chat_history, id_patient, message, id_answer, update_date) VALUES(5, 1, 'me siento estresado', 9, '2019-06-23 16:30:46.557');
INSERT INTO dbfriday.dbo.tbl_chat_history (id_chat_history, id_patient, message, id_answer, update_date) VALUES(6, 1, 'tengo muchos problemas', 10, '2019-06-23 16:30:55.467');
INSERT INTO dbfriday.dbo.tbl_chat_history (id_chat_history, id_patient, message, id_answer, update_date) VALUES(7, 1, 'me preocupan mis estudios', 29, '2019-06-23 16:31:05.110');
INSERT INTO dbfriday.dbo.tbl_chat_history (id_chat_history, id_patient, message, id_answer, update_date) VALUES(8, 1, 'creo que voy a reprobar', 30, '2019-06-23 16:31:21.993');
INSERT INTO dbfriday.dbo.tbl_chat_history (id_chat_history, id_patient, message, id_answer, update_date) VALUES(9, 1, 'no lo se', 26, '2019-06-23 16:31:34.217');
INSERT INTO dbfriday.dbo.tbl_chat_history (id_chat_history, id_patient, message, id_answer, update_date) VALUES(10, 1, 'que mas puedes hacer?', 3, '2019-06-23 16:44:38.463');
INSERT INTO dbfriday.dbo.tbl_chat_history (id_chat_history, id_patient, message, id_answer, update_date) VALUES(11, 3, 'Hola me llamo Yolani', 21, '2019-06-23 16:47:07.133');
INSERT INTO dbfriday.dbo.tbl_chat_history (id_chat_history, id_patient, message, id_answer, update_date) VALUES(12, 3, 'y tu?', 20, '2019-06-23 16:47:12.947');
INSERT INTO dbfriday.dbo.tbl_chat_history (id_chat_history, id_patient, message, id_answer, update_date) VALUES(13, 3, 'como te llamas?', 4, '2019-06-23 16:47:17.190');
INSERT INTO dbfriday.dbo.tbl_chat_history (id_chat_history, id_patient, message, id_answer, update_date) VALUES(14, 3, 'mucho gusto', 22, '2019-06-23 16:47:23.730');
INSERT INTO dbfriday.dbo.tbl_chat_history (id_chat_history, id_patient, message, id_answer, update_date) VALUES(15, 1, 'cuentame un chiste', 31, '2019-06-23 16:49:58.307');
INSERT INTO dbfriday.dbo.tbl_chat_history (id_chat_history, id_patient, message, id_answer, update_date) VALUES(16, 1, 'te quiero', 15, '2019-06-23 17:00:24.357');
INSERT INTO dbfriday.dbo.tbl_chat_history (id_chat_history, id_patient, message, id_answer, update_date) VALUES(17, 1, 'te amo', 14, '2019-06-23 17:00:30.067');
INSERT INTO dbfriday.dbo.tbl_chat_history (id_chat_history, id_patient, message, id_answer, update_date) VALUES(18, 1, 'te amo', 14, '2019-06-23 17:01:46.610');
INSERT INTO dbfriday.dbo.tbl_chat_history (id_chat_history, id_patient, message, id_answer, update_date) VALUES(19, 1, 'me siento solo', 17, '2019-06-23 17:01:54.687');
INSERT INTO dbfriday.dbo.tbl_chat_history (id_chat_history, id_patient, message, id_answer, update_date) VALUES(20, 1, 'nadie me ama', 18, '2019-06-23 17:02:11.200');
INSERT INTO dbfriday.dbo.tbl_chat_history (id_chat_history, id_patient, message, id_answer, update_date) VALUES(21, 1, 'hola viernes', 1, '2019-06-23 17:02:39.343');
INSERT INTO dbfriday.dbo.tbl_chat_history (id_chat_history, id_patient, message, id_answer, update_date) VALUES(22, 1, 'me siento estresado sabes', 9, '2019-06-23 17:02:46.593');
INSERT INTO dbfriday.dbo.tbl_chat_history (id_chat_history, id_patient, message, id_answer, update_date) VALUES(23, 1, 'tengo muchos problemas', 10, '2019-06-23 17:02:53.227');
INSERT INTO dbfriday.dbo.tbl_chat_history (id_chat_history, id_patient, message, id_answer, update_date) VALUES(24, 1, 'tengo problemas', 23, '2019-06-23 17:02:59.240');
INSERT INTO dbfriday.dbo.tbl_chat_history (id_chat_history, id_patient, message, id_answer, update_date) VALUES(25, 1, 'hola viernes', 1, '2019-06-23 17:03:08.573');
INSERT INTO dbfriday.dbo.tbl_chat_history (id_chat_history, id_patient, message, id_answer, update_date) VALUES(26, 1, 'me siento muy estresado sabes', 9, '2019-06-23 17:03:15.213');
INSERT INTO dbfriday.dbo.tbl_chat_history (id_chat_history, id_patient, message, id_answer, update_date) VALUES(27, 1, 'tengo muchos problemas', 10, '2019-06-23 17:03:21.017');
INSERT INTO dbfriday.dbo.tbl_chat_history (id_chat_history, id_patient, message, id_answer, update_date) VALUES(28, 1, 'me siento solo', 17, '2019-06-23 17:03:30.683');
INSERT INTO dbfriday.dbo.tbl_chat_history (id_chat_history, id_patient, message, id_answer, update_date) VALUES(29, 1, 'nadie me ama', 18, '2019-06-23 17:03:36.453');
INSERT INTO dbfriday.dbo.tbl_chat_history (id_chat_history, id_patient, message, id_answer, update_date) VALUES(30, 1, 'mi novia', 32, '2019-06-23 17:03:40.340');
INSERT INTO dbfriday.dbo.tbl_chat_history (id_chat_history, id_patient, message, id_answer, update_date) VALUES(31, 1, 'cual es tu pokemon favorito?', 44, '2019-06-23 21:45:46.407');

